,Unnamed: 0,pub_date,actual,forecast,previous,rolling_std,z-score,1,5,6,7
1,1,2008-03-26,0.1,1.7,0.1,3.8887853521570865,-0.4114395254838351,72.940002,59.943302,23198900.0,0.05321333332576206
2,2,2008-04-02,7.3,2.3,0.1,3.10984507068059,1.6077971366289798,75.43,61.676708,21192000.0,0.028507206793925377
3,3,2008-04-09,-3.1,2.3,7.3,3.538222032534865,-1.5261902589338958,78.519997,63.49071899999999,19490100.0,0.02898738214939911
4,4,2008-04-16,-2.4,1.8,-3.1,3.801634417250592,-1.104787977755503,80.199997,66.433479,22189100.0,0.04530739348631041
5,5,2008-04-23,2.4,1.5,-2.4,3.7718655459824784,0.2386087173649697,84.410004,67.658936,21763500.0,0.018278306319056803
6,6,2008-04-30,3.8,0.9,2.4,3.481770709384417,0.8329095285291559,81.599998,65.90941600000001,24474200.0,-0.02619812308371916
7,7,2008-05-07,5.7,1.6,3.8,3.664158922053,1.1189471000626798,84.940002,67.126823,23123500.0,0.018302396289094247
8,8,2008-05-14,0.2,2.2,5.7,3.6309277552212964,-0.5508234079083473,85.300003,68.287788,24846300.0,0.017147240428847077
9,9,2008-05-21,-5.4,0.5,0.2,4.12328936063371,-1.4308964236973236,90.019997,71.794899,45072200.0,0.050082477786273394
10,10,2008-05-29,-8.8,-0.3,-5.4,4.892937086590561,-1.7371978935300123,86.620003,68.626427,35941900.0,-0.045135735177428415
11,11,2008-06-04,-4.8,1.1,-8.8,4.758238469573938,-1.2399546676205777,84.510002,67.231636,31625300.0,-0.020533783225315183
12,12,2008-06-11,-4.6,-0.9,-4.8,4.903801864601865,-0.7545166183626791,87.16999799999998,70.06150799999999,30961400.0,0.04122963138594038
13,13,2008-06-18,-1.2,-1.5,-4.6,4.896465948812346,0.061268678907644814,88.150002,71.504654,21458200.0,0.020388996545386284
14,14,2008-06-25,0.8,-0.1,-1.2,4.2184658995249125,0.21334770066562792,87.730003,70.424385,40033800.0,-0.015222957460780506
15,15,2008-07-02,-2.0,-0.1,0.8,4.1912155610023065,-0.4533291052072792,89.160004,69.656418,36697700.0,-0.01096473860284064
16,16,2008-07-09,-5.9,-1.5,-2.0,4.38748219369606,-1.0028530728448142,82.199997,64.547577,32329800.0,-0.07617226263216548
17,17,2008-07-16,3.0,-1.2,-5.9,4.440925374493268,0.9457488351691208,78.690002,62.114429,49362100.0,-0.038424266798136486
18,18,2008-07-23,-1.6,-0.7,3.0,4.104875150354759,-0.21925149171034325,76.519997,59.64893000000001,55642100.0,-0.04050210258527098
19,19,2008-07-30,-0.1,-1.4,-1.6,3.3883043046051893,0.3836727410324728,73.25,62.712589,44432600.0,0.05008599857263274
20,20,2008-08-06,1.7,0.1,-0.1,3.5232883228683685,0.4541212223861977,71.480003,59.050746999999994,38526500.0,-0.06016501612445424
21,21,2008-08-13,-0.4,-0.1,1.7,3.431792093017432,-0.0874178830968232,70.769997,59.41450500000001,44127300.0,0.006141195618082129
22,22,2008-08-20,9.4,0.7,-0.4,4.1050135643669154,2.119359622954556,73.220001,60.222862,46728100.0,0.01351365918543479
23,23,2008-08-27,-0.1,0.9,9.4,3.8724747392411234,-0.2582328013315761,76.07,61.710262,24056500.0,0.024398190325938707
24,24,2008-09-04,-1.9,0.0,-0.1,3.658727631129144,-0.5193062155910274,70.309998,55.534381999999994,54046100.0,-0.1054479135494093
25,25,2008-09-10,-5.9,-4.6,-1.9,4.046435019079926,-0.32127045012960403,64.129997,53.141624,60377000.0,-0.04404182379222776
26,26,2008-09-17,-6.3,-4.3,-5.9,4.383949720459297,-0.4562096117722957,65.43,52.503025,66505200.0,-0.012089713662250645
27,27,2008-09-24,-1.5,-2.0,-6.3,4.374305139624515,0.11430386862378772,68.699997,55.056561,29585200.0,0.04749025164303644
28,28,2008-10-01,4.3,1.8,-1.5,4.283265534188096,0.5836668261739887,62.700001,50.490807000000004,46615500.0,-0.08656975852218585
29,29,2008-10-08,8.1,2.0,4.3,4.821754678726219,1.2650996175548814,50.32,42.867737,80498200.0,-0.16367178838664165
30,30,2008-10-16,5.6,2.0,8.1,4.9852737683556105,0.7221268414287021,43.779999,36.452984,77417400.0,-0.16209617104635532
31,31,2008-10-22,3.2,2.3,5.6,5.005542382744805,0.1798006951459439,47.0,35.844749,62100200.0,-0.01682623576413933
32,32,2008-10-29,0.5,1.4,3.2,5.009899291312244,-0.17964432968956207,47.48,39.031849,63805700.0,0.0851808689764364
33,33,2008-11-05,0.0,1.1,0.5,4.9992423668416235,-0.2200333409110045,51.650002,41.075497,42621100.0,0.05103380978210259
34,34,2008-11-13,0.0,1.0,0.0,4.299259978605197,-0.23259816921432805,45.349998,40.418613,63992600.0,-0.016121366976519447
35,35,2008-11-19,1.6,0.9,0.0,4.305695664061169,0.16257535474296714,47.970001,36.980098999999996,49142300.0,-0.08891049361285308
36,36,2008-11-26,7.3,0.7,1.6,4.6196139809873,1.4286908012581292,47.849998,41.440422,39359000.0,0.11387687821889614
37,37,2008-12-03,-0.4,1.8,7.3,4.068578785440111,-0.5407293593214809,45.279999,37.69376,47998600.0,-0.09476221778396487
38,38,2008-12-10,0.4,1.0,-0.4,3.2164703975292257,-0.18653987938483685,47.490002000000004,39.729294,41461200.0,0.05259423620838133
39,39,2008-12-17,0.5,0.3,0.4,3.0416677044415,0.06575340222337776,49.389998999999996,39.875263000000004,41052400.0,0.0036673569730663047
40,40,2008-12-24,-3.1,0.4,0.5,3.3936103060149536,-1.0313500032094072,44.360001000000004,36.324169,6334600.0,-0.09327282430648198
41,41,2008-12-31,0.5,-1.4,-3.1,2.8046903356320603,0.6774366409943859,47.139998999999996,38.94088,23413800.0,0.06956126617069813
42,42,2009-01-07,6.7,0.7,0.5,2.969644402750584,2.0204439273748056,51.099998,40.506015999999995,39213500.0,0.03940590773216046
43,43,2009-01-14,1.2,2.1,6.7,2.917138489975573,-0.3085215196648193,47.119999,37.171944,40609100.0,-0.08589622310723799
44,44,2009-01-22,6.1,1.1,1.2,3.2159639678367413,1.5547437875565857,45.950001,37.277912,53570200.0,0.0028466964814786166
45,45,2009-01-28,6.2,2.8,6.1,3.4046759290449624,0.9986266155304028,48.849998,40.204388,39301800.0,0.07557516423178123
46,46,2009-02-04,7.2,2.8,6.2,3.6008837299145933,1.2219222640949756,47.400002,38.647411,36117700.0,-0.03949635687688602
47,47,2009-02-11,4.7,3.1,7.2,3.6142290346838166,0.44269468941941936,47.700001,38.150162,42512400.0,-0.012949782902799356
48,48,2009-02-19,-0.2,2.9,4.7,3.46904056249598,-0.8936188390283756,43.959998999999996,35.460087,33995500.0,-0.0731222500055071
49,49,2009-02-25,0.7,0.9,-0.2,3.399766034730785,-0.05882757753235725,42.279999,34.278079999999996,43807400.0,-0.03390167128564059
50,50,2009-03-04,-0.7,1.0,0.7,3.4776777343857526,-0.4888319533437919,39.639998999999996,32.721084999999995,46003800.0,-0.04648641149464883
51,51,2009-03-11,0.7,0.1,-0.7,3.4677737160106834,0.17302167013660805,41.080002,33.144989,38345000.0,0.012871872486746039
52,52,2009-03-18,2.0,1.2,0.7,3.000037878548748,0.26666329972706737,42.889998999999996,35.802459999999996,42396200.0,0.07712506231147431
53,53,2009-03-25,3.3,1.2,2.0,2.9015539201460916,0.7237501207264367,45.529999,37.231899,33459200.0,0.039149287706335745
54,54,2009-04-01,2.8,3.1,3.3,2.678647329371956,-0.11199682642445476,41.5,35.52761500000001,33200600.0,-0.04685561242823555
55,55,2009-04-08,1.7,1.6,2.8,2.6547127904916565,0.037668858325528964,43.830002,36.297821,23558300.0,0.021447430513089838
56,56,2009-04-15,5.6,2.0,1.7,2.6029121220570457,1.3830662854476121,44.790001000000004,36.904152,21218500.0,0.016566353120877952
57,57,2009-04-22,3.9,2.3,5.6,2.410001257386821,0.66390006855635,43.939999,36.011047,21435100.0,-0.024498312546768375
58,58,2009-04-29,4.1,1.8,3.9,2.00989974120526,1.1443356864262189,45.75,38.141384,21155300.0,0.05747413438127236
59,59,2009-05-06,0.6,2.4,4.1,1.9270600940449685,-0.9340653182339193,49.369999,41.271358,21841100.0,0.07886886160492912
60,60,2009-05-13,-4.7,1.1,0.6,2.689823695923492,-2.156275152453328,49.880001,40.075089,30069200.0,-0.029413829152098003
61,61,2009-05-20,-2.1,-1.3,-4.7,2.894927643414608,-0.2763454215582358,50.610001000000004,41.025558000000004,22250200.0,0.023440319017095312
62,62,2009-05-28,-5.4,-0.1,-2.1,3.4705143274404864,-1.5271511654898613,49.540001000000004,41.566322,25906900.0,0.013095033736763018
63,63,2009-06-03,2.9,-1.6,-5.4,3.5087228963878525,1.2825179225844947,52.77,42.098927,28249000.0,0.01273198134472997
64,64,2009-06-10,-4.4,0.1,2.9,3.85001967724212,-1.1688251949983488,53.400002,43.40170300000001,25056900.0,0.03047642654017002
65,65,2009-06-17,-3.9,-1.8,-4.4,3.9658676302425997,-0.5295184297090467,50.599998,41.09111,36339300.0,-0.054706883565402986
66,66,2009-06-24,-3.8,-1.1,-3.9,4.013490508348816,-0.6727311287726956,47.369999,38.888069,18022300.0,-0.05510430233458807
67,67,2009-07-01,-3.7,-1.8,-3.8,4.052038394625,-0.4688998017689903,48.580002,39.604546,20011700.0,0.018256415583598695
68,68,2009-07-08,-2.9,-2.8,-3.7,3.5187377213306394,-0.02841928211750442,44.389998999999996,36.672722,34378100.0,-0.07691070070760642
69,69,2009-07-15,-2.8,-1.9,-2.9,3.0662755020619787,-0.29351569987588416,46.830002,39.192783,29921800.0,0.0664594137599166
70,70,2009-07-22,-1.8,-1.9,-2.8,2.3604057175653383,0.04236559810706855,48.970001,40.568104,21559600.0,0.034489519382596256
71,71,2009-07-29,5.1,-1.1,-1.8,3.1514667100006646,1.967337931993796,49.790001000000004,40.716351,22255300.0,0.003647614156235157
72,72,2009-08-05,1.7,0.9,5.1,3.2469449510503723,0.2463854521898204,51.810001,42.256393,16190800.0,0.03712589972331015
73,73,2009-08-12,2.5,0.7,1.7,3.4670199412070386,0.5191778618306222,50.200001,41.877563,15599600.0,-0.009005461723530228
74,74,2009-08-19,-8.4,1.1,2.5,3.8685503509947767,-2.455700233436829,49.060001,41.572849,20581800.0,-0.007302908325037549
75,75,2009-08-26,0.2,-1.5,-8.4,3.6540139821596433,0.4652417884277618,51.810001,43.195254999999996,16268100.0,0.03828336533713772
76,76,2009-09-02,-0.4,-0.8,0.2,3.58198353717686,0.11166997163679317,50.0,41.103432,14356600.0,-0.049639029588882444
77,77,2009-09-10,-5.9,-1.5,-0.4,3.7457450608131424,-1.1746661688301951,52.73,43.969387,17491500.0,0.06740202010631924
78,78,2009-09-16,-4.7,-2.6,-5.9,3.8005880725184737,-0.552546069168824,54.950001,46.028263,22885000.0,0.04576197908625046
79,79,2009-09-23,2.8,-1.4,-4.7,3.9586116329599768,1.060978037105279,55.610001000000004,45.008472,33988200.0,-0.022404882141116467
80,80,2009-09-30,2.8,0.5,2.8,4.078426241341211,0.5639430172074493,54.57,44.603134000000004,25384800.0,-0.009046613101481693
81,81,2009-10-07,-1.0,2.0,2.8,4.028638013327114,-0.7446685430847144,54.220001,45.331070000000004,20583000.0,0.016188543735426553
82,82,2009-10-15,0.4,1.0,-1.0,4.018696833853511,-0.14930213071700224,57.610001000000004,48.945988,23100600.0,0.0767247350816489
83,83,2009-10-21,1.3,0.9,0.4,3.6806928695559473,0.10867519083390882,58.91,48.98735,26007800.0,0.000844697082812651
84,84,2009-10-28,0.8,1.6,1.3,3.635681754249375,-0.22004126160518925,57.549999,46.274101,23962300.0,-0.0569796705811747
85,85,2009-11-04,-4.0,1.7,0.8,3.5831571485932825,-1.5907758894241557,57.0,46.547081,26027000.0,0.005881864055734098
86,86,2009-11-12,1.8,0.8,-4.0,2.9015539201460907,0.3446429146316367,57.900002,47.076481,25417200.0,0.011309239493814793
87,87,2009-11-18,-0.9,0.8,1.8,2.8950846536008483,-0.5872021731335471,58.950001,48.342125,17143300.0,0.026529799279194854
88,88,2009-11-25,1.0,1.6,-0.9,2.931128648066329,-0.2046993059809304,57.77,48.069140999999995,14609100.0,-0.00566292179006167
89,89,2009-12-02,2.1,-0.4,1.0,2.4539393190986156,1.0187700977538041,57.57,47.341202,15644300.0,-0.015259417419428711
90,90,2009-12-09,-3.8,0.7,2.1,2.2994564575133825,-1.9569842191603282,55.009997999999996,45.34763,25316300.0,-0.04302307955644924
91,91,2009-12-16,-3.7,-2.1,-3.8,2.4133467269007203,-0.6629797459956199,56.650002,46.853153000000006,18797100.0,0.032660391316094106
92,92,2009-12-23,-4.9,-1.5,-3.7,2.5439619541656704,-1.336497974913733,57.279999,47.856697,13031200.0,0.021192759995273036
93,93,2009-12-30,-1.5,-1.7,-4.9,2.5496880379585822,0.07844096886461874,57.32,47.798473,7253600.0,-0.0012173729280005041
94,94,2010-01-06,1.3,-0.4,-1.5,2.6056320119729444,0.6524328808475094,59.32,49.902706,24351900.0,0.04308153636363299
95,95,2010-01-13,3.7,1.2,1.3,2.8667767773074138,0.8720595268488588,59.32,49.545063,22137500.0,-0.0071926106627242525
96,96,2010-01-21,-0.4,2.2,3.7,2.831358491800517,-0.9182871075949864,58.919998,47.964821,25206600.0,-0.03241477270624049
97,97,2010-01-27,-3.9,1.4,-0.4,2.8211323752684616,-1.8786782380233564,56.150002,46.650703,26616700.0,-0.02777984952756718
98,98,2010-02-03,2.3,0.4,-3.9,2.865825281739021,0.6629852880797585,56.880001,47.033287,19749300.0,0.008167588225689748
99,99,2010-02-12,2.4,1.4,2.3,3.002574652769609,0.3330475061053315,54.900002,46.234852000000004,19833900.0,-0.017121699086930953
100,100,2010-02-18,3.1,1.5,2.4,3.1522358587343846,0.5075762321422219,56.759997999999996,47.52401,16572700.0,0.027501171029713056
101,101,2010-02-24,3.0,1.8,3.1,3.22377531362334,0.3722343784099731,55.610001000000004,46.559212,17630300.0,-0.020510178134679258
102,102,2010-03-03,4.1,1.2,3.0,3.2284131574430663,0.8982741237174324,57.349998,47.723618,16767300.0,0.02470153274178699
103,103,2010-03-10,1.4,1.9,4.1,2.955375174870768,-0.16918325776417334,58.119999,48.713359999999994,17372200.0,0.020526913491969445
104,104,2010-03-17,1.0,0.6,1.4,2.3304798569471394,0.17163847128204246,58.709998999999996,49.120907,21671800.0,0.008331423537030425
105,105,2010-03-24,7.3,1.3,1.0,2.698975675505374,2.223065607612977,56.970001,47.59026,20747000.0,-0.03165663020139675
106,106,2010-03-31,2.9,2.4,7.3,2.694930706929496,0.18553352734240847,57.369999,48.007571999999996,15167700.0,0.00873063001594021
107,107,2010-04-07,2.0,1.0,2.9,2.6556971349774185,0.3765489621648829,59.439999,49.23447,19535800.0,0.02523523947524886
108,108,2010-04-14,-2.2,1.4,2.0,2.853227837188802,-1.2617288928272097,60.060001,50.352856,14585600.0,0.022461352553393432
109,109,2010-04-21,1.9,0.1,-2.2,2.185212006911804,0.8237187029480973,60.560001,50.478054,18571600.0,0.0024833270738193747
110,110,2010-04-28,1.9,0.9,1.9,2.1904752493880904,0.4565219352646646,60.389998999999996,50.569859,23095000.0,0.0018170593045185868
111,111,2010-05-05,2.8,0.6,1.9,2.193516617560749,1.0029557024493667,57.889998999999996,48.441565999999995,35206500.0,-0.042997480057311854
112,112,2010-05-12,1.9,1.0,2.8,2.1877067001910024,0.4113896985923312,57.080002,48.199524,18808100.0,-0.005009101327217547
113,113,2010-05-19,0.2,0.7,1.9,2.2583179581272423,-0.22140372138502387,54.91,45.57045,30105600.0,-0.056089665344375206
114,114,2010-05-26,2.4,0.2,0.2,2.1731662419500983,1.0123477705165451,52.59,43.291934999999995,29847600.0,-0.0512931211451062
115,115,2010-06-03,-1.9,-0.4,2.4,2.442365966670743,-0.6141585742961738,53.27,44.593959999999996,33689900.0,0.029632064846482287
116,116,2010-06-09,-1.8,-1.1,-1.9,2.6393869811688537,-0.2652130987211298,52.470001,42.908015999999996,30679900.0,-0.03853976222017019
117,117,2010-06-16,1.7,-1.5,-1.8,1.9035055380358976,1.6811088468394315,55.23,46.388386,14496300.0,0.07799046455141712
118,118,2010-06-23,2.0,-1.2,1.7,1.8377151492266064,1.7412927141329304,53.799999,44.822437,17819600.0,-0.03434028623499996
119,119,2010-06-30,-2.0,-0.9,2.0,1.9790378745973776,-0.5558256434196783,49.990002000000004,41.653183,16692800.0,-0.07333105168054344
120,120,2010-07-08,-5.0,-1.8,-2.0,2.44594593463378,-1.30828729886833,52.220001,43.891781,14871500.0,0.052349293334551295
121,121,2010-07-14,-5.1,-1.1,-5.0,2.8430004423410686,-1.4069642552381032,52.869999,44.478683000000004,11940100.0,0.013282959094653268
122,122,2010-07-21,0.4,-1.1,-5.1,2.7723745428892905,0.5410524360235764,53.59,43.916927,22513800.0,-0.012710214061497638
123,123,2010-07-28,7.3,-1.4,0.4,3.4589694559174258,2.515200007076237,53.860001000000004,45.166183000000004,10775700.0,0.028048816477694416
124,124,2010-08-04,-2.8,-0.9,7.3,3.4912444599007784,-0.5442185506694648,55.849998,47.061043,13107700.0,0.041096903142311625
125,125,2010-08-11,-3.0,-1.9,-2.8,3.5640885612912694,-0.3086343061019421,54.389998999999996,45.073963,18829700.0,-0.04314078352574269
126,126,2010-08-18,-0.8,-1.1,-3.0,3.4324211792137564,0.08740186134987063,54.080002,45.032036,18693900.0,-0.0009306151308723365
127,127,2010-08-25,4.1,0.1,-0.8,3.7025380320515113,1.0803400168677455,51.110001000000004,42.961121,19336700.0,-0.04707860369178718
128,128,2010-09-01,3.4,1.3,4.1,3.8280860001105537,0.548577017323893,52.049999,44.528988,19132900.0,0.03584484892226669
129,129,2010-09-09,-1.9,0.7,3.4,3.8252351878576354,-0.679696769561549,54.509997999999996,45.241646,7836700.0,0.01587764149385862
130,130,2010-09-15,-2.5,-2.6,-1.9,3.801544741844087,0.02630509616243297,54.400002,45.828552,14113000.0,0.012889268679547428
131,131,2010-09-22,1.0,-1.5,-2.5,3.803935362545509,0.6572141116317642,54.73,45.853943,16159000.0,0.0005538898270414094
132,132,2010-09-29,-0.5,-0.4,1.0,3.521449426103697,-0.02839739774728068,55.360001000000004,47.201607,21492900.0,0.02896674579825831
133,133,2010-10-06,3.1,0.5,-0.5,3.232645975048922,0.8042946923566701,57.419998,48.793507,14105100.0,0.033169312105933546
134,134,2010-10-14,-0.4,1.5,3.1,3.2464899460335563,-0.5852474615919729,58.950001,49.736866,11502800.0,0.019149178022427105
135,135,2010-10-20,0.7,1.5,-0.4,2.4717801216323765,-0.3236533836479257,58.389998999999996,49.644218,12628600.0,-0.0018645002270214484
136,136,2010-10-27,5.0,1.1,0.7,2.676100736428871,1.4573442422815384,59.040001000000004,49.972713,12902400.0,0.006595187934424818
137,137,2010-11-03,2.0,1.7,5.0,2.4282429113174886,0.12354612407258275,60.16,50.61284600000001,22727400.0,0.012728301132907571
138,138,2010-11-10,-3.3,1.1,2.0,2.6983019351683626,-1.6306551697022962,62.580002,53.215504,17778300.0,0.05014436487119189
139,139,2010-11-17,-7.3,-0.5,-3.3,3.385385256264541,-2.008634021022225,61.299999,51.968918,16817800.0,-0.023703973362027675
140,140,2010-11-24,1.0,-1.9,-7.3,3.2298208037354685,0.8978826307162269,62.580002,53.291309,22622600.0,0.025127450615078484
141,141,2010-12-01,1.1,-0.8,1.0,3.207224326234116,0.5924125682318447,63.740002000000004,54.386283999999996,19973800.0,0.02033873000322961
142,142,2011-01-05,-4.2,-1.4,-1.3,3.3611415809621477,-0.8330502992969677,67.83000200000001,57.902351,11286200.0,0.06264599852686015
143,143,2011-01-12,-2.2,0.4,-4.2,3.3884384532576584,-0.7673151027725913,69.75,59.298286,11026600.0,0.023822413462260883
144,144,2011-01-20,2.6,-1.1,-2.2,3.4979106317741717,1.0577743085801272,69.690002,58.993729,23172500.0,-0.005149251586229475
145,145,2011-01-26,4.8,0.9,2.6,3.671965867669977,1.0621013758155438,70.400002,60.778851,24221600.0,0.02981073294400005
146,146,2011-02-02,2.6,2.5,4.8,3.7448955157977935,0.02670301469778032,74.0,62.843166000000004,13557600.0,0.03340031097549456
147,147,2011-02-09,1.9,2.2,2.6,3.774395396094665,-0.07948292865935767,73.980003,62.073296,16321700.0,-0.012326313687701429
148,148,2011-02-16,0.9,1.8,1.9,3.4882812473489087,-0.2580067191210569,75.349998,64.25605,15903300.0,0.03456000241342139
149,149,2011-02-24,0.8,1.1,0.9,3.4423718919408226,-0.08714921264095579,78.019997,64.907494,22383300.0,0.010087204231321145
150,150,2011-03-02,-0.4,1.1,0.8,3.2966465973590173,-0.4550078255890904,76.860001,65.575851,15042900.0,0.010244416177724425
151,151,2011-03-09,2.5,0.8,-0.4,2.3719957074926663,0.7166960693183531,76.910004,64.822884,13594900.0,-0.011548814011155706
152,152,2011-03-16,1.7,1.8,2.5,2.38192371961417,-0.04198287257334938,75.16999799999998,62.394775,31614700.0,-0.03817715126910848
153,153,2011-03-23,2.1,2.0,1.7,2.402823465438234,0.04161770576922588,77.489998,65.9664,10095400.0,0.05566398359142166
154,154,2011-03-30,2.9,1.6,2.1,1.7729448195962934,0.7332433506283718,79.980003,67.918808,19041200.0,0.029167470303635312
155,155,2011-04-06,2.0,1.3,2.9,1.283697311627155,0.5452998878004289,80.699997,67.434937,16473700.0,-0.00714975505477522
156,156,2011-04-13,1.6,0.9,2.0,1.276002279849772,0.54858836152112,76.41999799999998,64.548775,26834700.0,-0.04374209715963673
157,157,2011-04-20,-2.3,0.7,1.6,1.4662619965150292,-2.0460190655764907,78.290001,66.738869,22414000.0,0.03336638724484864
158,158,2011-04-27,6.2,1.4,-2.3,2.010634605081568,2.3873059718900405,79.66999799999998,67.32457,18707100.0,0.008737724927558865
159,159,2011-05-04,3.4,1.9,6.2,2.0726940454540324,0.7236958118782161,77.260002,64.55725100000001,29742100.0,-0.04197280923830338
160,160,2011-05-11,3.8,1.1,3.4,2.128646603745291,1.2684115790988646,76.0,63.03775,41162800.0,-0.02381868922159036
161,161,2011-05-18,0.0,1.4,3.8,2.182349998316382,-0.6415102990263057,73.559998,63.419757999999995,25846300.0,0.006041699983655668
162,162,2011-05-25,0.6,-1.6,0.0,2.101712865663853,1.0467652532093632,74.129997,64.31955699999999,24917700.0,0.014088284137228513
163,163,2011-06-02,2.9,-1.5,0.6,2.1127857525938682,2.0825585341997503,75.300003,63.869648,24105300.0,-0.0070194810454839995
164,164,2011-06-08,-4.8,-1.4,2.9,2.9030809130781714,-1.1711695615107536,73.790001,62.630295,25056600.0,-0.019595149634690223
165,165,2011-06-15,-3.4,-0.9,-4.8,3.2221181627223814,-0.7758871257184871,72.83000200000002,61.136283999999996,35639900.0,-0.024143570654461932
166,166,2011-06-22,-1.7,-0.1,-3.4,3.2586830394371207,-0.490995896390209,73.08000200000002,62.28188299999999,18549900.0,0.018565044859378155
167,167,2011-06-29,-4.4,-1.5,-1.7,3.5369371272930823,-0.8199184479763292,73.629997,63.261683999999995,21321400.0,0.015609256886452094
168,168,2011-07-07,-0.9,-2.4,-4.4,3.517876425552004,0.4263936018629844,77.41999799999998,66.06478100000001,17824000.0,0.043355953123183966
169,169,2011-07-13,-3.1,-2.3,-0.9,3.5715627680415483,-0.22399158350468445,75.129997,64.198875,20163000.0,-0.028650103765665236
170,170,2011-07-20,-3.7,-1.5,-3.1,3.09088346691696,-0.7117706065426069,78.33000200000002,66.286324,10517800.0,0.03199791422660603
171,171,2011-07-27,2.3,-1.2,-3.7,2.9641289793226955,1.1807853249354052,78.489998,66.06478100000001,23784500.0,-0.003347810460940792
172,172,2011-08-03,1.0,1.3,2.3,2.641739555442186,-0.11356153538375008,74.32,62.869758999999995,35564000.0,-0.04957052186276023
173,173,2011-08-10,-5.2,1.7,1.0,2.8345273776320195,-2.4342682503085578,64.599998,53.838463,49373700.0,-0.15507713170010673
174,174,2011-08-17,4.2,-0.4,-5.2,3.2588341473600644,1.4115477474440958,68.83000200000001,58.226310999999995,21663900.0,0.07834919423756004
175,175,2011-08-24,-2.2,0.7,4.2,2.966517701401304,-0.9775771769809828,65.18,56.190002,18867800.0,-0.0355984909006235
176,176,2011-08-31,5.3,0.5,-2.2,3.4406218606349035,1.3950966407898855,68.75,58.481915,24484800.0,0.039978720425778214
177,177,2011-09-08,-4.0,-1.9,5.3,3.4830324648953743,-0.6029228900865503,67.57,57.178349,18489100.0,-0.022542248398169207
178,178,2011-09-14,-6.7,-3.1,-4.0,3.849793382885514,-0.9351151196851276,65.769997,56.394484999999996,25715900.0,-0.01380394271030383
179,179,2011-09-21,-7.3,-1.6,-6.7,4.132456529680254,-1.3793248541300525,65.440002,53.793255,26782900.0,-0.047223282474101236
180,180,2011-09-28,1.9,1.1,-7.3,4.258351864989623,0.18786611002657227,61.84,51.073219,23093300.0,-0.05188781775392037
181,181,2011-10-05,-4.7,1.0,1.9,4.3387175175355335,-1.3137522728692648,58.799999,51.766059999999996,37565000.0,0.013474452357889799
182,182,2011-10-13,1.3,0.4,-4.7,4.357882096114621,0.2065223381794605,63.48,54.776905000000006,15159200.0,0.056533941351855965
183,183,2011-10-19,-4.7,1.3,1.3,4.318766308130416,-1.3892856366653896,67.190002,57.129139,24029000.0,0.042045638215196135
184,184,2011-10-26,4.7,0.5,-4.7,4.652760666333679,0.9026898869718892,69.040001,59.421482,18182400.0,0.039341509088857585
185,185,2011-11-02,1.8,1.4,4.7,4.578076875587377,0.08737293210015816,69.129997,59.43858,20309400.0,0.00028769966682151704
186,186,2011-11-09,-1.4,0.7,1.8,4.2910760111344235,-0.4893877420374164,70.66999799999998,59.532677,25271600.0,0.0015818445899258293
187,187,2011-11-16,-1.1,-1.3,-1.4,4.282619914647263,0.04670038527490313,70.66999799999998,60.0117,21941100.0,0.008014188134612965
188,188,2011-11-23,-6.2,-0.3,-1.1,3.960257108274204,-1.4898022625028744,65.349998,54.990745999999994,21787600.0,-0.0873746266814397
189,189,2011-11-30,3.9,-0.2,-6.2,4.277734815473623,0.9584511842971865,69.650002,60.618988,32999600.0,0.09744326079933252
190,190,2011-12-07,1.3,-0.8,3.9,4.016132241574994,0.5228911484190695,71.0,60.388054000000004,17144300.0,-0.0038168734074810473
191,191,2011-12-14,-1.9,-2.2,1.3,3.500162333897724,0.08571031037464058,67.110001,56.453403,26684300.0,-0.06737573170711642
192,192,2011-12-21,-10.6,-2.8,-1.9,4.470780556891468,-1.7446617879682598,67.660004,58.753902000000004,12025800.0,0.03994199562466516
193,193,2011-12-29,3.9,-2.9,-10.6,4.5929788313745314,1.4805206489412406,68.610001,59.406727000000004,7702100.0,0.011049901274613916
194,194,2012-01-05,2.2,-1.4,3.9,4.636637692435014,0.7764246936683542,70.739998,60.866958999999994,12674700.0,0.024283013214333238
195,195,2012-01-11,5.0,0.9,2.2,4.715994705319977,0.869381807272792,71.08000200000002,60.514801,13472000.0,-0.005802502584701941
196,196,2012-01-19,-3.4,2.9,5.0,4.580682428978406,-1.3753409230347016,71.449997,61.30505400000001,13304400.0,0.012974306781377898
197,197,2012-01-25,3.6,0.9,-3.4,4.692442343973461,0.5753933244310674,71.629997,62.378792000000004,19638100.0,0.017363059285345983
198,198,2012-02-01,4.2,3.2,3.6,4.858567877284604,0.2058219675545397,71.33000200000002,60.961449,12776500.0,-0.02298366503006566
199,199,2012-02-08,0.3,2.9,4.2,4.844576786719789,-0.5366825864185408,74.199997,63.366592000000004,11027800.0,0.0386951017174475
200,200,2012-02-15,-0.2,1.8,0.3,4.415563041073807,-0.4529433690326447,73.989998,63.24634200000001,14739400.0,-0.0018994905552984775
201,201,2012-02-23,1.6,0.9,-0.2,4.3123501291481,0.16232448178744807,75.599998,65.22197,14088100.0,0.030759083420361044
202,202,2012-02-29,4.2,1.4,1.6,4.440609772487912,0.6305440341431447,75.82,64.320061,17244300.0,-0.013924802110100387
203,203,2012-03-07,0.8,1.0,4.2,4.362304089549118,-0.04584733111090192,73.32,63.27211,14482200.0,-0.01642694151201063
204,204,2012-03-14,1.8,2.2,0.8,2.401136094738185,-0.16658780852803573,74.720001,63.521198,13856400.0,0.003929045221204852
205,205,2012-03-21,-1.2,2.4,1.8,2.484177200530662,-1.4491719830739045,73.91999799999998,63.059486,16581900.0,-0.007295173846176617
206,206,2012-03-28,7.1,2.8,-1.2,2.9544522129809225,1.4554305468564253,71.739998,61.369385,15285200.0,-0.027167407948557987
207,207,2012-04-04,9.0,2.1,7.1,3.5008656938049767,1.9709410767199744,70.949997,61.136555,15830300.0,-0.0038011263835562303
208,208,2012-04-11,2.8,2.1,9.0,3.0025241906022186,0.2331371724467606,69.0,58.860119,12825000.0,-0.03794620423444872
209,209,2012-04-18,3.9,1.5,2.8,3.0107257757839214,0.7971499826732301,69.139999,59.679294999999996,10794300.0,0.01382137827325014
210,210,2012-04-25,4.0,2.7,3.9,3.0031675197223264,0.4328762852763533,69.83000200000001,60.438109999999995,14642800.0,0.012634723410882565
211,211,2012-05-02,2.8,2.3,4.0,2.895607959400832,0.17267530929962685,71.639999,61.291786,12082200.0,0.014025970992510572
212,212,2012-05-09,3.7,2.0,2.8,2.7106272336859587,0.6271611156537781,66.839996,58.24789000000001,21954900.0,-0.050937968612673856
213,213,2012-05-16,2.1,1.5,3.7,2.6845799852061942,0.22349864906480554,65.279999,55.833466,16513300.0,-0.042334429900177994
214,214,2012-05-23,0.9,0.8,2.1,2.764863413799982,0.036168151924207234,64.699997,56.47155,18881000.0,0.011363532797044051
215,215,2012-05-31,2.2,0.2,0.9,2.6854687531681347,0.7447489372723234,64.150002,54.867702,26688500.0,-0.02881210212596219
216,216,2012-06-06,-0.1,-1.1,2.2,2.831318356590024,0.3531923556644396,63.18,55.574771999999996,20784000.0,0.012804487893068206
217,217,2012-06-13,-0.2,-1.6,-0.1,2.7051578120100097,0.5175298808019485,64.150002,54.92807,12172400.0,-0.011704846167645222
218,218,2012-06-20,2.9,-1.0,-0.2,2.4076897011387683,1.6198100603061147,65.940002,56.934943999999994,17623500.0,0.03588477157422432
219,219,2012-06-27,-0.1,-0.5,2.9,1.5794849563299809,0.2532471096967088,63.029999,55.444637,11657800.0,-0.02652429132916012
220,220,2012-07-05,-4.3,-1.6,-0.1,2.3999368678565203,-1.125029593970727,67.589996,58.139324,12141000.0,0.04745727660099064
221,221,2012-07-11,-4.7,-1.3,-4.3,2.853811911153645,-1.191388958295279,65.300003,57.047577000000004,20964900.0,-0.018956664066220874
222,222,2012-07-18,-0.8,0.5,-4.7,2.6911752530120068,-0.4830603278419044,67.589996,59.283046999999996,15518000.0,0.038437775911911665
223,223,2012-07-25,2.7,-0.1,-0.8,2.6830980510438205,1.0435697640310613,67.300003,58.13065,9499500.0,-0.019630316317278407
224,224,2012-08-01,-6.5,-1.5,2.7,3.10994251140474,-1.6077467611263117,69.910004,60.643379,16144600.0,0.04231739859263772
225,225,2012-08-08,-3.7,-0.6,-6.5,3.121224992618356,-0.9931997876895924,71.379997,62.168335,9499000.0,0.024835324439593798
226,226,2012-08-15,-3.7,-2.0,-3.7,3.15233198913074,-0.5392833006998028,71.989998,62.3503,6532100.0,0.002922697145389286
227,227,2012-08-22,-5.4,0.1,-3.7,3.135850858389252,-1.753909942906248,71.860001,62.696888,8538800.0,0.005543329571080058
228,228,2012-08-29,3.8,-1.1,-5.4,3.527382066409058,1.3891321971221262,72.099998,62.021038,6351900.0,-0.010838163164414993
229,229,2012-09-06,-7.4,-4.9,3.8,3.852586694991333,-0.6489146638154043,71.269997,62.55825,13522100.0,0.008624472631169944
230,230,2012-09-12,2.0,-1.8,-7.4,3.750262617066929,1.0132623733353292,74.349998,64.429802,8341700.0,0.02947816734321762
231,231,2012-09-19,8.5,-0.2,2.0,4.8716480317706194,1.7858433005140464,75.379997,64.74173,14806800.0,0.004829680371537748
232,232,2012-09-26,-2.4,1.7,8.5,4.807254618771194,-0.8528776453800614,73.190002,63.351859999999995,15803100.0,-0.021701703384089832
233,233,2012-10-03,-0.5,1.6,-2.4,4.702191623127034,-0.4466002596898562,73.790001,63.552036,12575800.0,0.0031547678571186566
234,234,2012-10-11,1.7,1.3,-0.5,4.7723556853904725,0.08381604942492292,73.120003,63.499821,8271700.0,-0.0008219478907687261
235,235,2012-10-17,2.9,1.4,1.7,4.7864312637312825,0.3133858855064115,74.300003,65.292702,10345700.0,0.027843181937009298
236,236,2012-10-24,5.9,2.0,2.9,4.804062359245053,0.8118129425390881,72.110001,61.96801800000001,10695500.0,-0.05226185568918762
237,237,2012-11-01,-2.0,1.9,5.9,4.704511052428748,-0.8289915692697944,71.660004,62.881859,9490800.0,0.014639298688444491
238,238,2012-11-07,1.8,1.8,-2.0,4.546418837109514,0.0,71.68,61.663391000000004,19043600.0,-0.01956729585286432
239,239,2012-11-15,1.1,2.5,1.8,4.114902701452883,-0.3402267566389092,68.589996,59.748653000000004,14651100.0,-0.03154376945598969
240,240,2012-11-21,-1.5,0.8,1.1,4.104644449962269,-0.5603408597354009,70.449997,61.454517,5868500.0,0.028150693602287724
241,241,2012-11-28,-0.3,0.5,-1.5,3.2264062003562053,-0.2479538998876452,69.650002,61.759129,11587900.0,0.004944462411063277
242,242,2012-12-05,-2.4,-0.4,-0.3,3.4014257260297427,-0.5879887321057181,70.629997,61.706905000000006,12531100.0,-0.0008459655084500639
243,243,2012-12-12,0.8,-2.6,-2.4,2.470599853550475,1.3761840045096307,72.120003,62.803551,9193300.0,0.017615779332206927
244,244,2012-12-19,-1.0,-0.9,0.8,2.355441797329336,-0.042454880487126735,73.309998,63.264851,8090600.0,0.007318282004212584
245,245,2012-12-28,-0.6,-1.6,-1.0,2.3596353082370127,0.4237943026658403,70.639999,61.085342000000004,11802400.0,-0.03505796286958507
246,246,2013-01-04,-11.1,-0.7,-0.6,4.0627651428627525,-2.5598329301092293,73.089996,64.549423,9292700.0,0.055159242849391
247,247,2013-01-09,1.3,0.9,-11.1,3.9649219488668455,0.10088470975180686,73.190002,63.735905,7372500.0,-0.012683116892028501
248,248,2013-01-16,-1.0,2.0,1.3,3.3837736689123044,-0.8865841198428421,73.83000200000002,64.978081,8585200.0,0.019301936087583904
249,249,2013-01-24,2.8,1.9,-1.0,3.5648430625493264,0.2524655319206066,76.040001,66.631378,8820800.0,0.0251256100942161
250,250,2013-01-30,5.9,2.9,2.8,4.009760818076537,0.7481743016879211,78.160004,67.89106,9943000.0,0.018728753948735744
251,251,2013-02-06,2.6,2.7,5.9,4.0868136065332665,-0.024468940751332036,77.58000200000002,68.27595500000001,11386400.0,0.005653293128211168
252,252,2013-02-13,0.6,2.4,2.6,4.079215610874228,-0.441261304060914,78.480003,68.827057,5692900.0,0.00803928316532776
253,253,2013-02-21,4.1,1.9,0.6,4.263019274332844,0.5160661630703737,77.309998,67.497429,12262400.0,-0.019507429713424784
254,254,2013-02-27,1.1,2.4,4.1,4.1905647988467285,-0.3102207130546623,76.449997,68.10100600000001,10994600.0,0.008902477175699808
255,255,2013-03-06,3.8,0.9,1.1,4.300836775523686,0.6742873890271937,78.449997,68.415932,8200100.0,0.004613736042640149
256,256,2013-03-13,2.6,2.3,3.8,4.296395599978562,0.06982597226416888,79.0,69.054535,7782700.0,0.009290833261742293
257,257,2013-03-20,-1.3,1.8,2.6,4.324875195256558,-0.7167836897120227,78.660004,69.00370799999999,6823000.0,-0.0007363124604786719
258,258,2013-03-27,3.3,1.5,-1.3,2.1060518857460635,0.8546797978637428,78.839996,69.89119000000001,5694700.0,0.012779361816616763
259,259,2013-04-03,2.7,1.8,3.3,2.093424047445774,0.4299176753501552,78.730003,67.861427,15743500.0,-0.029471816377158788
260,260,2013-04-10,0.3,1.6,2.7,1.9367850587084687,-0.6712154217396201,78.68,69.32884200000001,9191800.0,0.02139322236555774
261,261,2013-04-17,-1.2,1.2,0.3,2.185264008736425,-1.0982654683393336,75.07,65.093513,20626700.0,-0.06303611253674113
262,262,2013-04-24,0.9,1.8,-1.2,1.830610926340266,-0.4916391501056254,76.510002,67.87899,13715100.0,0.04190166350467006
263,263,2013-05-01,6.7,1.2,0.9,2.340681071566112,2.3497434429715103,77.599998,67.703262,15324000.0,-0.002592199138280904
264,264,2013-05-08,0.2,2.1,6.7,2.3646384822029685,-0.8035054890208433,80.57,70.96320300000002,7170400.0,0.04702711317014341
265,265,2013-05-15,-0.6,0.5,0.2,2.362378744683701,-0.4656323641903066,81.019997,71.323448,13048600.0,0.005063662222865695
266,266,2013-05-22,-0.3,-0.4,-0.6,2.4200394437056003,0.0413216405460229,83.230003,72.184578,19839400.0,0.012001284663310408
267,267,2013-05-30,3.0,-0.8,-0.3,2.3589128209770065,1.6109115886809793,82.160004,72.228523,12074800.0,0.0006086013118213884
268,268,2013-06-05,-6.3,-0.8,3.0,3.18685748129103,-1.7258380810213991,80.400002,70.03179200000001,17796100.0,-0.03088571291329867
269,269,2013-06-12,2.5,-1.4,-6.3,3.1678307270356973,1.231126387756656,80.650002,69.733032,9344700.0,-0.004275188083692427
270,270,2013-06-19,0.3,0.5,2.5,3.0812728578044535,-0.06490824059720211,81.449997,70.971992,15053600.0,0.017611198051205257
271,271,2013-06-26,0.0,-1.9,0.3,3.0185662862098,0.6294378919820559,78.379997,69.290283,11202800.0,-0.023980640426422006
272,272,2013-07-03,-10.3,-2.6,0.0,4.333615958149415,-1.7768071915832926,78.82,69.731728,5255800.0,0.006350742310770485
273,273,2013-07-10,-9.9,-2.9,-10.3,5.129681896924639,-1.3646070342483925,81.599998,71.338638,10811500.0,0.022782665849655714
274,274,2013-07-17,-6.9,-1.9,-9.9,5.3363249185524335,-0.9369744302144803,81.58000200000002,72.133224,7923000.0,0.011076654516601891
275,275,2013-07-24,-2.8,-2.5,-6.9,4.616858107834676,-0.0649792549376617,83.68,72.980789,9338600.0,0.011681499539583307
276,276,2013-07-31,0.4,-2.1,-2.8,4.628199139268671,0.5401669039666775,82.300003,72.768913,11247500.0,-0.0029073973578110923
277,277,2013-08-07,-1.3,-1.2,0.4,4.6053986765205215,-0.021713646748939504,82.449997,72.742432,7033600.0,-0.00036397162423718044
278,278,2013-08-14,-2.8,-1.4,-1.3,4.546418837109514,-0.30793467345610426,82.199997,72.406921,6212500.0,-0.004622984403443553
279,279,2013-08-21,-1.4,-1.6,-2.8,4.196418025223921,0.04765969424347999,80.209999,70.623474,9487900.0,-0.024939306591992505
280,280,2013-08-28,3.0,0.5,-1.4,4.426024962615661,0.5648409173278968,81.370003,72.804222,11898200.0,0.030411365872995866
281,281,2013-09-05,-1.8,-1.9,3.0,4.156147327280471,0.0240607447535874,82.769997,73.183891,6115100.0,0.005201380416154144
282,282,2013-09-11,-0.2,-2.2,-1.8,4.124722212868805,0.484881137876427,83.83000200000002,74.5877,10700200.0,0.019000285816378693
283,283,2013-09-18,-4.4,-1.2,-0.2,4.044749683231337,-0.7911490822946382,84.290001,75.338173,11156600.0,0.010011337644440843
284,284,2013-09-25,2.6,-1.0,-4.4,3.6843958429127457,0.9770937091151352,83.949997,74.232658,11193700.0,-0.014782763790164744
285,285,2013-10-02,5.5,2.4,2.6,3.401191858835084,0.9114452017598786,83.089996,74.179413,7714200.0,-0.0007175292673382572
286,286,2013-10-09,6.8,0.9,5.5,3.481117897771033,1.6948578512028512,82.160004,72.618317,13109700.0,-0.0212694685621182
287,287,2013-10-21,4.0,3.4,6.8,3.4840763307924063,0.17221207087146054,86.900002,76.769447,7853500.0,0.05558954519535675
288,288,2013-10-23,5.2,2.7,4.0,3.6947956846779975,0.6766274006347054,86.309998,75.988892,16835300.0,-0.010219563769739537
289,289,2013-10-30,4.1,1.9,5.2,3.6825962514936585,0.597404616133979,87.25,76.893631,11396600.0,0.011835879525637694
290,290,2013-11-06,1.6,1.7,4.1,3.4002228090987145,-0.02940983741783278,86.879997,76.83154300000002,9083700.0,-0.0008077792564549213
291,291,2013-11-14,2.6,0.7,1.6,3.2189307466168255,0.5902581166112214,86.620003,77.328255,9668100.0,0.006444140759836792
292,292,2013-11-20,0.4,-0.2,2.6,3.263294487031612,0.18386327142230355,87.5,77.106522,13262800.0,-0.0028715443071893887
293,293,2013-11-27,3.0,0.5,0.4,3.0130021271452527,0.8297372170688408,86.970001,76.83154300000002,9319300.0,-0.003572596452647403
294,294,2013-12-04,-5.6,-0.5,3.0,3.775880391017799,-1.3506783774539215,86.599998,76.663025,10034300.0,-0.0021957528517457803
295,295,2013-12-11,-10.6,-2.2,-5.6,4.984399906131372,-1.6852580367131171,86.360001,75.438942,14682700.0,-0.016095905290309354
296,296,2013-12-18,-2.9,-2.4,-10.6,5.137938214002684,-0.09731530025746994,85.629997,76.875893,15264000.0,0.018868728482760666
297,297,2013-12-27,-4.7,-1.9,-2.9,5.200721103847042,-0.5383868782982428,88.160004,78.67731500000002,5865900.0,0.02316252504725469
298,298,2014-01-03,-7.0,-2.3,-4.7,5.164410553358084,-0.910074819079574,87.339996,77.465378,9714300.0,-0.015523766307225628
299,299,2014-01-08,-2.7,-1.6,-7.0,4.953205267727395,-0.22207842004187656,87.720001,77.61688199999998,10941500.0,0.0019538540152534978
300,300,2014-01-15,-7.7,-0.7,-2.7,4.791746376148608,-1.4608452640238208,86.400002,76.663368,11667900.0,-0.012360961832178496
301,301,2014-01-23,1.0,0.7,-7.7,4.479414193301563,0.06697304313778678,86.650002,76.75248,14900800.0,0.0011617054063650656
302,302,2014-01-29,6.4,2.2,1.0,5.0746846446281015,0.827637635462922,83.93,75.032608,20124900.0,-0.02266290626574108
303,303,2014-02-05,0.4,2.2,6.4,4.918240631474927,-0.36598453285930416,82.730003,73.000862,27270900.0,-0.02745154308525155
304,304,2014-02-12,3.3,2.5,0.4,5.1399431078091835,0.15564374609215986,84.980003,75.31778,6812400.0,0.031244979813496165
305,305,2014-02-20,1.0,2.1,3.3,4.983997118049653,-0.22070638765346115,86.5,77.61688199999998,9436900.0,0.030068725963309895
306,306,2014-02-26,0.1,1.1,1.0,4.925167279115779,-0.2030387890052602,87.709999,77.634712,10048300.0,0.00022969168456210554
307,307,2014-03-05,1.4,0.9,0.1,4.1694778395556265,0.11991909280738347,87.769997,77.72380799999998,10865400.0,0.0011469729470574563
308,308,2014-03-12,6.2,2.1,1.4,4.589010258379814,0.8934388395652744,86.550003,77.67926,9368700.0,-0.0005733220301697983
309,309,2014-03-19,5.9,2.4,6.2,4.661926705350548,0.7507625540279321,87.599998,77.447571,9322600.0,-0.00298709347417514
310,310,2014-03-26,6.6,2.9,5.9,4.257640191467571,0.8690259941210867,87.959999,78.13299599999998,8564400.0,0.008811247417351176
311,311,2014-04-02,-2.4,1.3,6.6,4.229442258523202,-0.8748198400258888,89.400002,80.515045,10008600.0,0.03003160975258634
312,312,2014-04-09,4.0,1.0,-2.4,2.9967027334601086,1.0011002981720794,89.82,80.55085,7224500.0,0.00044460064732909643
313,313,2014-04-16,10.0,1.3,4.0,3.5698548480804724,2.4370738784177823,91.389999,82.34187299999998,13036700.0,0.02199110120982617
314,314,2014-04-23,3.5,2.6,10.0,3.4576222343037317,0.260294485346296,93.260002,83.962746,8561700.0,0.01949343723907493
315,315,2014-04-30,1.7,1.3,3.5,3.3767812359037315,0.11845600056852587,93.610001,83.944824,10821600.0,-0.00021347459281351178
316,316,2014-05-07,-1.8,0.9,1.7,3.7015557744704,-0.7294230222388861,94.720001,85.18064100000002,9630900.0,0.014614463832132607
317,317,2014-05-14,0.9,-0.4,-1.8,3.706617750930781,0.35072405285750136,94.779999,84.82243299999998,4984600.0,-0.004214141799784521
318,318,2014-05-21,-7.2,-0.1,0.9,4.694677837722202,-1.5123508460901824,93.849998,84.562744,5857400.0,-0.0030662565410279896
319,319,2014-05-29,1.7,-0.1,-7.2,4.689664651705339,0.3838227535833403,94.75,85.41346,7278300.0,0.010009908249787536
320,320,2014-06-04,-3.4,-0.2,1.7,4.804566956174472,-0.6660329701280564,95.360001,85.494064,3686600.0,0.0009432470155754658
321,321,2014-06-11,-2.6,-1.3,-3.4,4.743192889592283,-0.274076983639547,96.510002,87.016411,5651700.0,0.017649786417707425
322,322,2014-06-18,-0.6,-0.6,-2.6,4.402031211597527,0.0,98.980003,89.27310899999998,14863600.0,0.02560357846468886
323,323,2014-06-25,1.7,-1.2,-0.6,4.330538142778633,0.6696627311402118,98.75,89.885094,13860300.0,0.006831809764185515
324,324,2014-07-02,-3.2,-2.2,1.7,4.324235788149759,-0.2312547347072111,100.08000200000001,89.975075,5926400.0,0.00100056625107392
325,325,2014-07-09,-2.4,-1.7,-3.2,3.016356923659581,-0.2320680269995131,99.620003,90.07401999999999,6408000.0,0.0010990892229747473
326,326,2014-07-16,-7.5,-2.1,-2.4,3.1987094935680576,-1.6881808150625377,99.230003,90.253967,8167400.0,0.00199577517303684
327,327,2014-07-23,-4.0,-2.1,-7.5,3.0359462605536502,-0.6258345296446408,100.099998,90.406898,6701200.0,0.001693017871125413
328,328,2014-07-30,-3.7,-0.5,-4.0,3.0532024915726517,-1.0480798469254935,99.82,88.850494,10780300.0,-0.017365455279088948
329,329,2014-08-06,-1.8,-1.1,-3.7,2.8719648009997987,-0.2437355777328168,95.129997,86.01655600000002,11547000.0,-0.03241532516424517
330,330,2014-08-13,1.4,-0.8,-1.8,2.7300793639257694,0.8058373793340825,96.41999799999999,86.556366,6489000.0,0.006256042423528285
331,331,2014-08-20,-4.5,-1.3,1.4,2.5393270404148045,-1.2601763967658428,97.25,87.788887,5947900.0,0.014139089099246327
332,332,2014-08-27,-2.1,1.1,-4.5,2.527470288768209,-1.2660880779570136,98.459999,88.31967900000002,3860100.0,0.006028027135107195
333,333,2014-09-04,-0.9,-0.9,-2.1,2.5651510676761307,0.0,97.980003,86.75428000000002,12286500.0,-0.017883193225587846
334,334,2014-09-10,-1.0,-1.0,-0.9,2.54355990094532,0.0,95.059998,85.39579,10432700.0,-0.01578295263024465
335,335,2014-09-17,3.7,-0.9,-1.0,2.875708081446544,1.5996060343114171,95.589996,85.32380699999999,11069300.0,-0.000843289294618188
336,336,2014-09-24,-4.3,0.7,3.7,2.928685194707168,-1.7072507516465725,92.08000200000001,83.393867,24739900.0,-0.022878743370413623
337,337,2014-10-01,-1.4,0.6,-4.3,2.938498379661408,-0.6806197389261288,90.610001,80.274055,18977300.0,-0.038128301617794236
338,338,2014-10-08,5.0,2.1,-1.4,3.090846701687634,0.9382542325430018,86.870003,79.55062099999998,35988600.0,-0.00905290670826453
339,339,2014-10-16,8.9,2.3,5.0,4.086220377035112,1.6151845448895843,78.83000200000002,74.152008,59796300.0,-0.07027641270435936
340,340,2014-10-22,7.1,2.8,8.9,4.389337977279475,0.9796465941465624,86.18,76.259003,36142500.0,0.028018332188674222
341,341,2014-10-29,2.1,3.3,7.1,4.319792363135764,-0.2777911295553365,86.650002,77.760124,26722500.0,0.019493274152415196
342,342,2014-11-05,0.5,1.8,2.1,4.323184502473175,-0.3007042607726563,85.120003,77.543083,27445100.0,-0.0027950632249407192
343,343,2014-11-13,-1.7,0.7,0.5,4.061599550557749,-0.5909002032636196,86.029999,77.172333,31586800.0,-0.0047926796082187195
344,344,2014-11-19,2.6,-0.7,-1.7,3.9256344787315673,0.8406284430908812,85.989998,78.022362,14746100.0,0.010954465940939073
345,345,2014-11-26,1.9,0.4,2.6,3.8382050729238246,0.39080767481174394,85.989998,77.136147,20873200.0,-0.011423474522493926
346,346,2014-12-03,-3.7,1.1,1.9,4.0972551787751765,-1.1715160004837442,81.489998,74.115829,31549200.0,-0.03994287716302569
347,347,2014-12-10,1.5,-2.6,-3.7,4.049794233455983,1.0123971154211389,76.650002,68.246964,44533800.0,-0.08249617666421383
348,348,2014-12-17,-0.8,-2.6,1.5,3.701924151605813,0.4862336250782447,74.43,69.702873,62470200.0,0.021108586870008494
349,349,2014-12-24,7.3,-2.4,-0.8,3.8596887140930116,2.5131560388748606,80.25,72.91147600000002,14047800.0,0.04500451132086347
350,350,2014-12-31,-1.8,0.2,7.3,3.966326061261532,-0.5042449786298907,79.290001,72.02887700000002,21541900.0,-0.012178939696386948
351,351,2015-01-07,-3.1,0.9,-1.8,3.557950976547477,-1.1242425841070671,76.029999,68.49838299999999,31192400.0,-0.050256968903507726
352,352,2015-01-14,5.4,1.2,-3.1,3.3184059700130386,1.2656679254899896,72.870003,67.151733,52152500.0,-0.019855408621135773
353,353,2015-01-22,10.1,2.5,5.4,4.2618462352991235,1.7832647121457164,77.339996,70.254532,33018800.0,0.04517008805952649
354,354,2015-01-28,8.9,4.2,10.1,4.742426178719713,0.9910539084593266,77.5,67.92514,38833400.0,-0.03371860218144729
355,355,2015-02-04,6.3,4.0,8.9,4.703931302322527,0.4889527189447674,78.949997,71.583015,41132200.0,0.05245160874784993
356,356,2015-02-11,4.9,3.7,6.3,4.738071145710899,0.25326761947977305,78.839996,72.156265,26196600.0,0.007976289282012772
357,357,2015-02-19,7.7,-1.8,4.9,4.9003633136799785,1.9386317690934387,79.620003,73.639427,23872000.0,0.020346460800427124
358,358,2015-02-25,8.4,3.6,7.7,4.499562268272395,1.0667704353923653,80.489998,73.584824,16025700.0,-0.0007417664159641291
359,359,2015-03-04,10.3,4.0,8.4,4.668268123482978,1.3495368803494503,78.779999,71.564819,16458300.0,-0.027835210357715745
360,360,2015-03-11,4.5,4.5,10.3,4.272631365783713,0.0,75.300003,68.59848000000001,13051000.0,-0.04233322141173712
361,361,2015-03-18,9.6,4.0,4.5,4.398622373866481,1.2731258844294655,74.860001,70.554802,27676200.0,0.02811936413251903
362,362,2015-03-25,8.2,5.0,9.6,3.690610526810716,0.8670652123146998,76.610001,70.649376,15898500.0,0.0013395356352923216
363,363,2015-04-01,4.8,4.2,8.2,2.1562277666837963,0.2782637387713353,77.83000200000002,71.05246700000002,13185100.0,0.005689299147286775
364,364,2015-04-08,10.9,3.3,4.8,2.2682926431903634,3.350537693104082,79.540001,71.941071,12045700.0,0.012428749595777333
365,365,2015-04-15,1.3,3.5,10.9,2.8375725861761123,-0.7753105632320407,81.230003,75.76119200000002,20006900.0,0.05173885708772907
366,366,2015-04-22,5.3,2.7,1.3,2.8260155053296585,0.9200232606992392,81.559998,75.019165,10129500.0,-0.00984256842400022
367,367,2015-04-29,1.9,2.1,5.3,3.1685480854323447,-0.0631203928763197,82.010002,75.981071,15903100.0,0.012740629248260582
368,368,2015-05-06,-3.9,1.3,1.9,4.361922011724149,-1.1921350235110193,82.370003,74.496994,16388600.0,-0.01972546789663987
369,369,2015-05-13,-2.2,-0.1,-3.9,4.866606994237737,-0.43151214028305296,81.290001,73.635849,12534700.0,-0.011626789623380596
370,370,2015-05-20,-2.7,-1.3,-2.2,5.1902005566434335,-0.26973909480395825,79.870003,73.049561,12623800.0,-0.007993857358629342
371,371,2015-05-28,-2.8,-1.5,-2.7,5.121870811145143,-0.2538135083710452,78.519997,71.895279,12164200.0,-0.01592752666470343
372,372,2015-06-03,-1.9,-1.9,-2.8,5.272074802890483,0.0,78.489998,71.62960799999998,8640300.0,-0.0037020938874450238
373,373,2015-06-10,-6.8,-1.5,-1.9,5.3539209647668216,-0.9899286961608764,78.16999799999998,71.583809,9785400.0,-0.0006395909338747785
374,374,2015-06-17,-2.7,-1.6,-6.8,4.930793777144534,-0.2230878129802905,77.779999,70.704346,10413700.0,-0.01236187509264397
375,375,2015-06-24,-4.9,-1.8,-2.7,4.885127398233303,-0.6345791516350442,76.91999799999998,70.648239,6798300.0,-0.0007938588876408303
376,376,2015-07-01,2.4,-1.9,-4.9,3.4561758513061083,1.244149657019045,75.309998,68.425774,13910100.0,-0.031963616612001644
377,377,2015-07-08,0.4,-0.6,2.4,3.4011918588350825,0.2940145812128642,73.709999,67.060959,16521300.0,-0.020147524955729246
378,378,2015-07-15,-4.3,-2.0,0.4,2.7191102600042885,-0.8458649264176482,74.160004,67.531258,12708300.0,0.006988530608692756
379,379,2015-07-22,2.5,-1.7,-4.3,2.8072821969537216,1.4961089428620906,71.220001,65.41023299999999,15209300.0,-0.03191185805758945
380,380,2015-07-29,-4.2,-0.1,2.5,2.824674827088573,-1.4514945085646973,70.290001,65.871346,23427300.0,0.007024822519142049
381,381,2015-08-05,-4.4,-1.3,-4.2,2.8905803129223946,-1.0724490117577399,68.220001,61.95208,18473800.0,-0.061342353656787196
382,382,2015-08-12,-1.7,-1.6,-4.4,2.8971250116854335,-0.03451697789934989,69.059998,65.06903100000001,23483000.0,0.04908753876527783
383,383,2015-08-19,2.6,-0.6,-1.7,3.2245742025698165,0.9923790860355354,68.849998,62.081188,20183000.0,-0.04700570945107074
384,384,2015-08-26,-5.5,1.0,2.6,3.386291437098951,-1.9195040122029705,60.720001,56.52965500000001,39732200.0,-0.09367764457540595
385,385,2015-09-02,4.7,-0.7,-5.5,3.5922791785953505,1.5032239231783493,65.0,59.646629000000004,25528900.0,0.05367226624015675
386,386,2015-09-10,2.6,0.9,4.7,3.7223729805139882,0.4566979206273045,63.84,58.964206999999995,18492800.0,-0.011507035159032952
387,387,2015-09-16,-2.1,0.7,2.6,3.5257064626264687,-0.7941670781957682,64.029999,60.23681600000001,17216700.0,0.021353128053549497
388,388,2015-09-23,-1.9,-1.0,-2.1,3.4116000866917475,-0.2638058321990302,63.029999,57.578442,13984700.0,-0.04513550003736366
389,389,2015-09-30,4.0,-0.5,-1.9,3.6874377241788037,1.220359592920896,60.34,56.863117,16025800.0,-0.012501303238023453
390,390,2015-10-07,3.1,2.2,4.0,3.6384624624845423,0.2473572310501262,68.099998,63.254523999999996,40003100.0,0.10651972716780911
391,391,2015-10-15,7.6,2.2,3.1,4.2127512064294415,1.2818226701255455,67.610001,64.229973,19508200.0,0.015303320163808642
392,392,2015-10-21,8.0,3.5,7.6,4.466203051471091,1.0075672664541702,67.75,62.43703100000001,14662100.0,-0.02831142603624759
393,393,2015-10-28,3.4,3.7,8.0,4.0948600449684225,-0.07326257715904766,66.25,62.474185999999996,19756500.0,0.0005949025554006226
394,394,2015-11-04,2.8,2.5,3.4,3.9209132362321655,0.07651278718125559,71.470001,65.73492399999999,17679500.0,0.05087690456615057
395,395,2015-11-12,4.2,0.8,2.8,3.953853126439389,0.8599206625213829,66.839996,61.545196999999995,19311500.0,-0.0658585365235611
396,396,2015-11-18,0.3,2.0,4.2,3.1497354386254917,-0.539727870205461,67.900002,63.672577000000004,20951500.0,0.03398215206354749
397,397,2015-11-25,1.0,1.2,0.3,3.1555146533129443,-0.0633811032346251,68.239998,63.412464,11100600.0,-0.004093532349353168
398,398,2015-12-02,1.2,-0.6,1.0,3.1872853463077107,0.5647439135266623,68.110001,61.721714,25428100.0,-0.02702463749507089
399,399,2015-12-09,-3.6,0.7,1.2,3.411333605746725,-1.2605041010226117,61.880001,57.97790500000001,28756900.0,-0.06257380799483325
400,400,2015-12-16,4.8,-0.3,-3.6,3.163523160635745,1.612126651532116,62.07,57.50413100000001,28751200.0,-0.0082052009903828
401,401,2015-12-23,-5.9,1.4,4.8,4.061450330593589,-1.797387486192178,60.740002000000004,58.240818000000004,30210500.0,0.012729660418519195
402,402,2015-12-30,2.6,-1.8,-5.9,4.054402769605137,1.0852399847853602,60.029999,56.291016000000006,15051200.0,-0.03405150041931648
403,403,2016-01-06,-5.1,0.7,2.6,4.172520130859074,-1.3900472180120664,59.099998,54.556824,26962100.0,-0.03129214800297264
404,404,2016-01-13,0.2,1.9,-5.1,3.571212764042572,-0.4760287645465344,55.650002,50.301021999999996,33958400.0,-0.08121740570644187
405,405,2016-01-21,4.0,3.3,0.2,3.619507332957527,0.19339648620853184,51.709998999999996,50.038548,43670700.0,-0.0052317265995909246
406,406,2016-01-27,8.4,3.8,4.0,4.244238518987898,1.0838222167346379,54.77,51.454021000000004,36494500.0,0.027894944382218068
407,407,2016-02-03,7.8,3.7,8.4,4.60246146264708,0.8908276654296868,56.130001,53.71315799999999,36440700.0,0.042969386659976294
408,408,2016-02-10,-0.8,3.1,7.8,4.635207817903259,-0.8413862232749187,54.150002,50.704102,30215800.0,-0.057651184811189804
409,409,2016-02-18,2.1,3.2,-0.8,4.6414062001888485,-0.23699714107229905,58.150002,53.375693999999996,28832300.0,0.05134865918403042
410,410,2016-02-24,3.5,2.0,2.1,4.683821283757718,0.3202513309381834,55.220001,53.28196,25279800.0,-0.0017576614638761257
411,411,2016-03-02,10.4,2.5,3.5,5.028886255394624,1.5709243754569824,57.700001,55.756699,26795000.0,0.0453997522140952
412,412,2016-03-09,3.9,3.0,10.4,5.0008105403630365,0.1799708252763889,60.580002,56.937828,25467600.0,0.02096237114971089
413,413,2016-03-16,1.3,2.9,3.9,4.267521812977925,-0.3749248557170237,62.200001,58.962619999999994,26970400.0,0.03494374809405887
414,414,2016-03-23,9.4,2.5,1.3,4.618826756445904,1.4938858640607284,62.470001,58.099998,18873800.0,-0.014738054365711406
415,415,2016-03-30,2.3,3.1,9.4,3.73877106692949,-0.2139740534199142,62.360001000000004,58.458752000000004,15744800.0,0.006155782090564443
416,416,2016-04-06,-4.9,3.1,2.3,4.474066687843703,-1.7880824221365457,60.689999,58.062229,18042500.0,-0.006806062346140784
417,417,2016-04-13,6.6,0.9,-4.9,4.539189621974655,1.2557307525567447,63.93,60.66795,18702900.0,0.043900202852219294
418,418,2016-04-20,2.1,2.2,6.6,4.366079650573441,-0.022903842349020383,65.529999,62.754417000000004,21088300.0,0.03381341394174964
419,419,2016-04-27,2.0,1.4,2.1,4.1810086502342125,0.14350604129134942,67.699997,64.793663,21962400.0,0.031978839393435265
420,420,2016-05-04,2.8,0.6,2.0,3.9962387619390594,0.5505176569911737,65.879997,61.262737,18605400.0,-0.05603602653985629
421,421,2016-05-11,-3.4,0.1,2.8,4.455231858062034,-0.7855932331931323,65.290001,61.98025500000001,14214800.0,0.011644087755107613
422,422,2016-05-18,1.3,-3.1,-3.4,4.477993327644004,0.9825829736809728,66.389999,62.08410600000001,22951800.0,0.0016741475701609332
423,423,2016-05-25,-4.2,-1.7,1.3,4.205407773980369,-0.5944726728922602,66.720001,63.604110999999996,14255500.0,0.02418809247019027
424,424,2016-06-02,-1.4,-2.7,-4.2,4.2201805935794034,0.3080436894046251,66.379997,63.065964,12825000.0,-0.00849688038333607
425,425,2016-06-08,-3.2,-3.2,-1.4,4.402444224690998,0.0,69.970001,65.5112,18129700.0,0.03803989415153897
426,426,2016-06-15,-0.9,0.3,-3.2,3.4764467230466494,-0.3451800345579171,66.879997,63.226471,16829500.0,-0.03549806199162475
427,427,2016-06-22,-0.9,-1.3,-0.9,3.3995877646704367,0.1176613247514664,68.57,64.51750200000001,10258200.0,0.0202134774320335
428,428,2016-06-29,-4.1,-2.3,-0.9,3.3087006513131354,-0.544020203001933,66.849998,64.336945,16354400.0,-0.002802497273134641
429,429,2016-07-07,-2.2,-2.1,-4.1,2.5299868247351207,-0.039525897535244936,67.510002,63.500656000000006,14088800.0,-0.013083802003418299
430,430,2016-07-13,-2.5,-2.3,-2.2,2.358912820976999,-0.08478482045689399,69.32,65.496338,12546200.0,0.03094399612738119
431,431,2016-07-20,-2.3,-1.3,-2.5,2.1103640358090656,-0.4738518961808513,68.610001,65.372803,11555000.0,-0.0018879169794852046
432,432,2016-07-27,1.7,-2.1,-2.3,1.909049422348636,1.990519446754288,67.440002,63.377120999999995,16155500.0,-0.03100338689489579
433,433,2016-08-03,1.4,-1.6,1.7,2.0504803576161517,1.4630718060073211,65.760002,63.69072,23905600.0,0.004935940269848338
434,434,2016-08-10,1.1,-1.3,1.4,2.0268463337426508,1.1841055535612843,68.209999,63.98533199999999,18036800.0,0.004615000515408418
435,435,2016-08-17,-2.5,0.3,1.1,1.871233590847256,-1.4963391068307068,69.019997,66.11404399999999,14719500.0,0.03272732065840778
436,436,2016-08-24,2.5,-0.5,-2.5,2.1702359877267283,1.3823381498444465,69.699997,66.34213299999999,16452600.0,0.003443995298896496
437,437,2016-08-31,2.3,1.1,2.5,2.241076581115472,0.5354569362385255,69.220001,65.106705,13232800.0,-0.018797646246939692
438,438,2016-09-08,-14.5,0.6,2.3,4.619786168474056,-3.268549549553637,70.970001,68.271286,17837900.0,0.04746172892105882
439,439,2016-09-14,-0.6,2.8,-14.5,4.625120801043189,-0.7351159345358365,68.300003,64.213394,26470200.0,-0.061277450004284084
440,440,2016-09-21,-6.2,3.2,-0.6,4.764229086418784,-1.97303694459115,67.5,65.461525,20260900.0,0.019250747252050893
441,441,2016-09-28,-1.9,2.4,-6.2,4.762821610869931,-0.9028261713993948,67.279999,66.713966,41143400.0,0.01895175083948697
442,442,2016-10-05,-3.0,1.1,-1.9,4.771760363817208,-0.8592216891462193,70.550003,67.79431899999999,13351200.0,0.01606408456437247
443,443,2016-10-13,4.9,0.4,-3.0,5.14575435468774,0.8745073491315296,70.160004,67.125069,13543400.0,-0.009920820113791251
444,444,2016-10-19,-5.2,2.2,4.9,5.1736145854506645,-1.4303346099283116,70.279999,67.622215,14315900.0,0.007378972562686492
445,445,2016-10-26,-0.6,0.7,-5.2,5.092440922136898,-0.2552803301750414,69.040001,66.752197,17867800.0,-0.012949342727759827
446,446,2016-11-02,14.4,1.6,-0.6,6.9361154091967725,1.8454133538533903,67.980003,64.887886,22983000.0,-0.02832626070326949
447,447,2016-11-09,2.4,1.3,14.4,6.975340765000571,0.1576983888040787,69.559998,67.354523,25993800.0,0.037309107352743176
448,448,2016-11-16,5.3,0.4,2.4,7.128448128959956,0.6873866389085883,71.660004,68.186295,16589700.0,0.012273534330600633
449,449,2016-11-23,-1.3,0.3,5.3,7.088162346796622,-0.22572846412344005,72.43,69.868965,11452400.0,0.024377967653620658
450,450,2016-11-30,-0.9,0.7,-1.3,5.576649097039828,-0.28691064690609724,73.290001,71.159637,44854800.0,0.01830420237410202
451,451,2016-12-07,-2.4,-1.4,-0.9,5.6359976665156335,-0.17743087544928565,75.18,72.61286199999998,16008300.0,0.020216307069572004
452,452,2016-12-14,-2.6,-1.4,-2.4,5.337254713688289,-0.22483468831315065,77.459999,72.91879300000002,19851400.0,0.004204328613536923
453,453,2016-12-21,2.3,-2.4,-2.6,5.28453289125802,0.8893879736797573,76.150002,73.150879,8102700.0,0.003177746511290991
454,454,2016-12-29,0.6,-1.3,2.3,5.130028944333252,0.37036828068948496,75.58000200000002,72.60303499999998,6630500.0,-0.007517418433900858
455,455,2017-01-05,-7.1,-1.8,0.6,5.540669197083969,-0.9565631535608312,76.059998,72.87215400000002,11141200.0,0.0036998653701356687
456,456,2017-01-11,4.1,0.9,-7.1,5.331353799302134,0.6002227802662196,74.370003,71.997536,13127000.0,-0.012074694526580387
457,457,2017-01-19,2.3,0.1,4.1,5.308847675001006,0.4144025473474491,74.66999799999998,71.372803,9000900.0,-0.008715009791626649
458,458,2017-01-25,2.8,1.5,2.3,3.468680213603206,0.3747823148705836,74.58000200000002,72.03598000000002,9410300.0,0.009248830002097641
459,459,2017-02-01,6.5,2.6,2.8,3.857460304397177,1.011027902362166,73.290001,69.546677,18424300.0,-0.035167577767254876
460,460,2017-02-08,13.8,2.7,6.5,5.277819510733457,2.1031412645745133,71.75,69.123779,16148400.0,-0.006099342617763348
461,461,2017-02-15,9.5,3.7,13.8,5.662228654278572,1.0243316464476095,73.440002,70.51741,8926600.0,0.01996083365192103
462,462,2017-02-23,0.6,3.4,9.5,5.598755272920989,-0.5001111610544071,72.160004,68.873901,17390100.0,-0.023582318782670697
463,463,2017-03-01,1.5,1.5,0.6,5.3958668245128845,0.0,72.040001,69.979187,18997600.0,0.015920558364084236
464,464,2017-03-08,8.2,1.1,1.5,5.302565131113144,1.3389745952087022,71.220001,66.94203900000001,25566200.0,-0.044370713834211095
465,465,2017-03-15,-0.2,3.3,8.2,5.413031414180881,-0.6465877864353079,69.82,68.01849399999999,23205000.0,0.01595248335422994
466,466,2017-03-22,5.0,1.9,-0.2,5.343616979560044,0.5801314001093006,69.0,66.821472,12419600.0,-0.017755172768541883
467,467,2017-03-29,0.9,1.2,5.0,4.226503677193871,-0.07098065514973853,69.199997,67.83671600000001,18575200.0,0.015079116274570481
468,468,2017-04-05,1.6,-0.1,0.9,4.313219636925949,0.3941371279695828,70.879997,67.749687,22733700.0,-0.0012837424701350741
469,469,2017-04-12,-2.2,-0.7,1.6,4.689252702626601,-0.31988039355605674,70.970001,68.26213100000001,11453600.0,0.007535322037353964
470,470,2017-04-19,-1.0,-1.0,-2.2,4.901174874610692,0.0,68.980003,65.554855,18125400.0,-0.040467888794525564
471,471,2017-04-26,-3.6,-1.1,-1.0,5.229715503010104,-0.4780374761420689,68.449997,66.270348,18737600.0,0.010855284265487875
472,472,2017-05-03,-0.9,-3.3,-3.6,4.008589262918795,0.5987143712130975,67.160004,65.26479300000001,16934800.0,-0.015289824180201528
473,473,2017-05-10,-5.2,-2.0,-0.9,3.606423141949353,-0.887305752555239,67.620003,65.86425799999999,18259200.0,0.009143194000037269
474,474,2017-05-17,-1.8,-2.5,-5.2,3.6599697796400936,0.19125840980819114,67.540001,65.042397,15606800.0,-0.012556608347094489
475,475,2017-05-24,-4.4,-2.4,-1.8,3.859109647668389,-0.5182542561879183,68.010002,65.487175,13480700.0,0.0068150031388709564
476,476,2017-06-01,-6.4,-2.7,-4.4,3.1768576049965165,-1.1646729126860118,65.470001,63.669426,17983700.0,-0.02814984318937519
477,477,2017-06-07,3.3,-3.1,-6.4,3.4570415623241098,1.8512939126185648,65.709999,62.895927,22942100.0,-0.012223070720807527
478,478,2017-06-14,-1.7,-2.3,3.3,2.8475933485643345,0.21070424269058666,67.209999,63.978832,30280200.0,0.017070870617142297
479,479,2017-06-21,-2.5,-1.2,-1.7,2.722743714221611,-0.4774595542025333,64.839996,62.296958999999994,27305500.0,-0.02663966624681091
480,480,2017-06-28,0.1,-2.1,-2.5,2.5692086978938264,0.8562947812700095,64.220001,62.783722,16859900.0,0.00778322365036388
481,481,2017-07-06,-6.3,-2.4,0.1,2.8298195680782805,-1.3781797412081909,64.940002,62.41378,20683600.0,-0.005909751724756163
482,482,2017-07-12,-7.6,-3.2,-6.3,3.1301563519860705,-1.4056805811659276,65.209999,63.03685,14818600.0,0.009933391698432104
483,483,2017-07-19,-4.7,-3.6,-7.6,3.162601058392508,-0.3478149724515396,64.940002,64.214828,24802700.0,0.018514673732468623
484,484,2017-07-26,-7.2,-3.3,-4.7,3.271641233943037,-1.1920622467823756,66.18,64.136948,21211400.0,-0.0012135400379298389
485,485,2017-08-02,-1.5,-3.2,-7.2,3.291713655207382,0.5164483239028573,66.269997,64.604256,15118500.0,0.007259681249755623
486,486,2017-08-09,-6.5,-2.6,-1.5,3.363935285652885,-1.1593564289519538,65.089996,63.328915,10437900.0,-0.019938273070430945
487,487,2017-08-16,-8.9,-3.0,-6.5,3.675337543764656,-1.60529473272722,63.529999,61.235797999999996,16583300.0,-0.033610064749701074
488,488,2017-08-23,-3.3,-3.3,-8.9,3.6118491864216167,0.0,62.279999,61.021614,11526000.0,-0.003503823868349798
489,489,2017-08-30,-5.4,-1.8,-3.3,2.8220318276666534,-1.275676611690307,62.400002,61.011879,8664400.0,-0.00015954636356507734
490,490,2017-09-07,4.6,4.1,-5.4,3.8238486086426247,0.1307583147695505,65.0,63.367847,8640300.0,0.03788800477189014
491,491,2017-09-13,5.9,4.1,4.6,4.79014139096692,0.3757717889902743,65.550003,64.477699,15893300.0,0.017362824386566444
492,492,2017-09-20,4.6,2.8,5.9,5.2437191867119335,0.3432678097182177,66.58000200000001,65.928467,18273800.0,0.022250908843248318
493,493,2017-09-27,-1.8,2.9,4.6,5.148256545136947,-0.9129304180537836,68.199997,67.496796,10918200.0,0.0235098091642314
494,494,2017-10-04,-6.0,-0.5,-1.8,5.027711088346142,-1.093937162131012,68.389999,67.408012,10197600.0,-0.0013162468281819883
495,495,2017-10-12,-2.7,-1.9,-6.0,4.981693760888227,-0.16058795229062048,67.910004,67.250198,10181100.0,-0.002343920541525435
496,496,2017-10-18,-5.7,-4.7,-2.7,4.866420188860125,-0.20548985931982025,68.279999,66.92469799999999,7706300.0,-0.004851885833305758
497,497,2017-10-25,0.9,-2.6,-5.7,4.9475659764078985,0.7074185602960101,67.43,66.165207,13522700.0,-0.01141332611982726
498,498,2017-11-01,-2.4,-1.5,0.9,4.74798202748634,-0.18955421372487266,68.32,67.743378,17306300.0,0.02357196252296312
499,499,2017-11-08,2.2,-2.5,-2.4,4.2715673796380464,1.1002986918582234,69.989998,68.867836,14246600.0,0.016462534258774753
500,500,2017-11-15,1.9,-2.1,2.2,4.254008804538476,0.940289544237078,67.529999,66.45124799999999,17693100.0,-0.03572068152286967
501,501,2017-11-22,-1.9,-1.4,1.9,3.985960209018493,-0.12544028885906025,67.82,66.76688399999999,9307500.0,0.004738643094420958
502,502,2017-11-29,-3.4,-2.5,-1.9,3.8054984143759856,-0.2364999014583952,67.68,67.151566,13599300.0,0.005745034504935909
503,503,2017-12-06,-5.6,-3.2,-3.4,3.4209138421117053,-0.7015669235675626,69.150002,67.51651,12061200.0,0.005419916942560832
504,504,2017-12-13,-5.1,-3.6,-5.6,2.9165151475794806,-0.5143124325086749,69.589996,68.542328,9216000.0,0.015079320874012758
505,505,2017-12-20,-6.5,-3.6,-5.1,3.1268509669789064,-0.9274506622238908,69.58000200000001,69.832802,12254500.0,0.0186523606360538
506,506,2017-12-28,-4.6,-3.9,-6.5,3.023381109508572,-0.23152886607596074,72.349998,71.957672,7966800.0,0.029974215179484176
507,507,2018-01-04,-7.4,-5.2,-4.6,3.3084831276675053,-0.6649572976819167,74.5,74.469788,14306800.0,0.034315455681825924
508,508,2018-01-10,-4.9,-3.9,-7.4,3.25976388808462,-0.3067706847282068,75.449997,74.608795,10822000.0,0.0018648827683911406
509,509,2018-01-18,-6.9,-1.4,-4.9,3.1734218220409987,-1.7331449483960042,76.82,75.939323,11514600.0,0.01767624412812374
510,510,2018-01-24,-1.1,-1.0,-6.9,3.2438636708640307,-0.03082743609054453,78.0,77.150696,12919700.0,0.015825960324309385
511,511,2018-01-31,6.8,0.1,-1.1,4.140514899908413,1.6181562346625538,75.0,74.320847,15725300.0,-0.03736910905166635
512,512,2018-02-07,1.9,3.2,6.8,4.140514899908413,-0.31397061269571946,70.190002,68.313622,24603700.0,-0.08428230078217247
513,513,2018-02-14,1.8,2.8,1.9,4.3790479109117495,-0.2283601413695865,66.82,67.976021,19756900.0,-0.00495417968779055
514,514,2018-02-22,-1.6,2.2,1.8,4.391796760766456,-0.8652495110763787,67.089996,66.86393699999999,15330300.0,-0.01649524713969619
515,515,2018-02-28,3.0,2.4,-1.6,4.584856496217634,0.13086560080887627,68.66999799999999,66.26818100000001,17622000.0,-0.008949906088125736
516,516,2018-03-07,2.4,2.6,3.0,4.642124317790092,-0.043083723379302184,66.970001,66.71500400000001,12362600.0,0.006720017744979323
517,517,2018-03-14,5.0,2.2,2.4,4.686020473577536,0.5975219305566423,68.199997,67.062523,11348200.0,0.005195488203597165
518,518,2018-03-21,-2.6,2.6,5.0,4.559505555330627,-1.1404745398150804,67.230003,68.58000200000001,16439600.0,0.022375612843283932
519,519,2018-03-28,1.6,0.5,-2.6,3.9901013885500496,0.27568221778938945,67.370003,66.019997,18228700.0,-0.038043295213524786
520,520,2018-04-04,-4.6,1.4,1.6,3.954312950322832,-1.5173305895048488,66.440002,67.379997,12490800.0,0.020390512470537914
521,521,2018-04-11,3.3,-0.6,-4.6,3.2602635141684684,1.1962223246836834,69.800003,70.639999,21190900.0,0.0472483486846107
522,522,2018-04-18,-1.1,-0.5,3.3,3.2602635141684684,-0.18403420379748972,73.050003,73.559998,17311500.0,0.04050483040801112
523,523,2018-04-25,2.2,-1.6,-1.1,2.795274692415856,1.3594370565118938,72.730003,73.540001,13163300.0,-0.0002718830762624691
524,524,2018-05-02,6.2,1.0,2.2,3.178621771088268,1.6359291461782417,73.139999,73.660004,13434700.0,0.0016304758493070892
525,525,2018-05-09,-2.2,-0.2,6.2,3.3276618417942165,-0.6010226083914929,75.440002,76.050003,24903900.0,0.031931092832557795
